,interval_length,min_entropy,max_length_referrer,max_deltas,referrers_distinct,min_time_interval,min_length,max_time_interval,ratio_of_deltas_B,min_deltas,max_entropy,max_path_depth,ratio_of_deltas_E,ratio_of_deltas_A,min_path_depth,ratio_of_deltas_D,ratio_of_deltas_C,time_interval,max_length,uri_Distinct
0,27.611059,0.0,73,"[28.074338, 8.67969, 3.8934970000000004, 0.46327900000000005]",4,0.46327900000000005,21,28.074338,0.03621737217685131,"[0.46327900000000005, 3.8934970000000004, 8.67969, 28.074338]",0.5727697820177235,6,0.0,0.03621737217685131,1,0.0,0.03621737217685131,"[28.074338, 3.8934970000000004, 0.46327900000000005, 8.67969]",49,5
