,interval_length,ratio_of_deltas_D,min_time_interval,min_deltas,max_deltas,min_path_depth,max_length_referrer,ratio_of_deltas_B,ratio_of_deltas_C,max_path_depth,time_interval,referrers_distinct,uri_Distinct,max_time_interval,max_entropy,ratio_of_deltas_E,max_length,ratio_of_deltas_A,min_entropy,min_length
0,14.552883000000001,0.06871490686759454,-2.737695,"[-2.737695, 2.22493, 3.6987970000000003, 11.815188000000001]","[11.815188000000001, 3.6987970000000003, 2.22493, -2.737695]",2,38,0.1374298137351891,0.0,4,"[3.6987970000000003, 11.815188000000001, -2.737695, 2.22493]",3,4,11.815188000000001,0.5062880818725864,0.0,42,0.06871490686759454,0.4308049217994888,21
