,time_interval,max_length,min_time_interval,ratio_of_deltas_A,max_time_interval,ratio_of_deltas_E,ratio_of_deltas_C,uri_Distinct,min_path_depth,max_path_depth,min_deltas,max_length_referrer,min_entropy,max_entropy,interval_length,max_deltas,min_length,ratio_of_deltas_D,referrers_distinct,ratio_of_deltas_B
0,"[-0.003844, 1.6296460000000002, 43.992172000000004, 2.868385]",87,-0.003844,0.022729330764858342,43.992172000000004,0.0,0.0,4,1,5,"[-0.003844, 1.6296460000000002, 2.868385, 43.992172000000004]",1,0.33020052603760003,0.6331117203448238,43.996016000000004,"[43.992172000000004, 2.868385, 1.6296460000000002, -0.003844]",47,0.0,3,0.045458661529716685
