,uri_Distinct,max_length,ratio_of_deltas_C,time_interval,max_deltas,interval_length,min_length,ratio_of_deltas_D,referrers_distinct,min_path_depth,max_length_referrer,max_path_depth,ratio_of_deltas_E,min_time_interval,ratio_of_deltas_A,min_deltas,max_entropy,max_time_interval,min_entropy,ratio_of_deltas_B
0,5,79,0.24505176167098833,"[3.1218030000000003, 11.283344000000001, 8.040854000000001, 9.909686]","[11.283344000000001, 9.909686, 8.040854000000001, 3.1218030000000003]",8.161541000000001,37,0.12252588083549416,5,1,22,4,0.0,3.1218030000000003,0.0,"[3.1218030000000003, 8.040854000000001, 9.909686, 11.283344000000001]",0.5795304329032622,11.283344000000001,0.35692357005025327,0.12252588083549416
