,min_entropy,ratio_of_deltas_A,ratio_of_deltas_E,min_deltas,max_entropy,interval_length,max_length_referrer,max_time_interval,uri_Distinct,time_interval,referrers_distinct,max_path_depth,min_path_depth,min_length,max_deltas,ratio_of_deltas_D,min_time_interval,ratio_of_deltas_C,max_length,ratio_of_deltas_B
0,0.0,2.569949748915909,0.0,"[0.00046, 0.06283000000000001, 0.077999, 1.1677980000000001]",0.0,1.1673380000000002,1,1.1677980000000001,1,"[0.06283000000000001, 1.1677980000000001, 0.077999, 0.00046]",1,1,1,1,"[1.1677980000000001, 0.077999, 0.06283000000000001, 0.00046]",0.0,0.00046,0.0,1,0.8566499163053031
1,0.0,2.569949748915909,0.0,"[0.00046, 0.004091, 0.077999, 1.1677980000000001]",0.0,1.1673380000000002,1,1.1677980000000001,1,"[1.1677980000000001, 0.077999, 0.00046, 0.004091]",1,1,1,1,"[1.1677980000000001, 0.077999, 0.004091, 0.00046]",0.0,0.00046,0.0,1,0.8566499163053031
