,max_length,max_path_depth,max_deltas,ratio_of_deltas_D,max_entropy,min_length,min_path_depth,time_interval,min_entropy,ratio_of_deltas_B,min_time_interval,ratio_of_deltas_C,ratio_of_deltas_A,ratio_of_deltas_E,referrers_distinct,interval_length,max_time_interval,uri_Distinct,min_deltas,max_length_referrer
0,1,6,"[3.5309380000000004, 1.586189, 1.006304, 9.400000000000001e-05]",0.0,0.5672055326782041,1,0,"[1.586189, 3.5309380000000004, 1.006304, 9.400000000000001e-05]",0.0,0.849655209915816,9.400000000000001e-05,0.0,0.28321840330527204,0.0,3,3.5308440000000005,3.5309380000000004,3,"[9.400000000000001e-05, 1.006304, 1.586189, 3.5309380000000004]",1
