,max_length_referrer,referrers_distinct,max_path_depth,min_path_depth,max_length,min_length,uri_Distinct,max_entropy,min_entropy,time_interval,max_deltas,min_deltas,ratio_of_deltas_A,ratio_of_deltas_B,ratio_of_deltas_C,ratio_of_deltas_D,ratio_of_deltas_E,max_time_interval,min_time_interval,interval_length
0,23,2,5,1,75,19,5,0.5780809052249475,0.0,"[0.8568600000000001, 0.7052590000000001, 0.23212200000000002, 0.281752]","[0.8568600000000001, 0.7052590000000001, 0.281752, 0.23212200000000002]","[0.23212200000000002, 0.281752, 0.7052590000000001, 0.8568600000000001]",6.402684005134953,0.0,0.0,0.0,0.0,0.8568600000000001,0.23212200000000002,0.624738
1,23,1,5,1,50,19,5,0.592933157223099,0.0,"[0.7052590000000001, 0.23212200000000002, 0.281752, 2.8401140000000002]","[2.8401140000000002, 0.7052590000000001, 0.281752, 0.23212200000000002]","[0.23212200000000002, 0.281752, 0.7052590000000001, 2.8401140000000002]",1.1503102770253895,0.3834367590084632,0.0,0.0,0.0,2.8401140000000002,0.23212200000000002,2.6079920000000003
2,23,1,5,1,98,19,5,0.6463747294519865,0.0,"[0.23212200000000002, 0.281752, 2.8401140000000002, 1.024995]","[2.8401140000000002, 1.024995, 0.281752, 0.23212200000000002]","[0.23212200000000002, 0.281752, 1.024995, 2.8401140000000002]",0.7668735180169264,0.7668735180169264,0.0,0.0,0.0,2.8401140000000002,0.23212200000000002,2.6079920000000003
3,1,2,5,1,122,19,5,0.6757549636589382,0.0,"[0.281752, 2.8401140000000002, 1.024995, 4.299048]","[4.299048, 2.8401140000000002, 1.024995, 0.281752]","[0.281752, 1.024995, 2.8401140000000002, 4.299048]",0.24892365411958692,0.7467709623587607,0.0,0.0,0.0,4.299048,0.281752,4.017296
4,1,3,2,1,124,1,5,0.6836767792187705,0.0,"[2.8401140000000002, 1.024995, 4.299048, 7.761647000000001]","[7.761647000000001, 4.299048, 2.8401140000000002, 1.024995]","[1.024995, 2.8401140000000002, 4.299048, 7.761647000000001]",0.0,0.4453250665167207,0.1484416888389069,0.0,0.0,7.761647000000001,1.024995,6.736652000000001
5,1,3,1,1,124,115,5,0.6836767792187705,0.0,"[1.024995, 4.299048, 7.761647000000001, 0.301288]","[7.761647000000001, 4.299048, 1.024995, 0.301288]","[0.301288, 1.024995, 4.299048, 7.761647000000001]",0.1340418068353011,0.2680836136706022,0.1340418068353011,0.0,0.0,7.761647000000001,0.301288,7.460359
