,max_length_referrer,referrers_distinct,max_path_depth,min_path_depth,max_length,min_length,uri_Distinct,max_entropy,min_entropy,time_interval,max_deltas,min_deltas,ratio_of_deltas_A,ratio_of_deltas_B,ratio_of_deltas_C,ratio_of_deltas_D,ratio_of_deltas_E,max_time_interval,min_time_interval,interval_length
0,24,2,5,1,78,23,5,0.6085449403453925,0.2902410164862569,"[1.030764, 0.22348400000000002, 0.502698, 0.56625]","[1.030764, 0.56625, 0.502698, 0.22348400000000002]","[0.22348400000000002, 0.502698, 0.56625, 1.030764]",3.7161827370924585,1.2387275790308196,0.0,0.0,0.0,1.030764,0.22348400000000002,0.80728
1,24,1,5,1,46,23,5,0.6085449403453925,0.0,"[0.22348400000000002, 0.502698, 0.56625, 0.43411700000000003]","[0.56625, 0.502698, 0.43411700000000003, 0.22348400000000002]","[0.22348400000000002, 0.43411700000000003, 0.502698, 0.56625]",11.669768880227327,0.0,0.0,0.0,0.0,0.56625,0.22348400000000002,0.342766
2,1,2,5,1,46,27,5,0.6085449403453925,0.0,"[0.502698, 0.56625, 0.43411700000000003, 5.7583590000000004]","[5.7583590000000004, 0.56625, 0.502698, 0.43411700000000003]","[0.43411700000000003, 0.502698, 0.56625, 5.7583590000000004]",0.5634604888357816,0.0,0.18782016294526055,0.0,0.0,5.7583590000000004,0.43411700000000003,5.324242000000001
3,1,2,5,1,46,13,5,0.5748764267269415,0.0,"[0.56625, 0.43411700000000003, 5.7583590000000004, 0.7424400000000001]","[5.7583590000000004, 0.7424400000000001, 0.56625, 0.43411700000000003]","[0.43411700000000003, 0.56625, 0.7424400000000001, 5.7583590000000004]",0.5634604888357816,0.0,0.18782016294526055,0.0,0.0,5.7583590000000004,0.43411700000000003,5.324242000000001
4,1,2,3,1,46,13,5,0.5748764267269415,0.0,"[0.43411700000000003, 5.7583590000000004, 0.7424400000000001, 9.492878000000001]","[9.492878000000001, 5.7583590000000004, 0.7424400000000001, 0.43411700000000003]","[0.43411700000000003, 0.7424400000000001, 5.7583590000000004, 9.492878000000001]",0.22078074473981596,0.0,0.22078074473981596,0.0,0.0,9.492878000000001,0.43411700000000003,9.058761
