,max_length_referrer,referrers_distinct,max_path_depth,min_path_depth,max_length,min_length,uri_Distinct,max_entropy,min_entropy,time_interval,max_deltas,min_deltas,ratio_of_deltas_A,ratio_of_deltas_B,ratio_of_deltas_C,ratio_of_deltas_D,ratio_of_deltas_E,max_time_interval,min_time_interval,interval_length
0,1,2,3,2,31,31,4,0.5538290599466547,0.3985902367169199,"[0.567034, 1.5493400000000002, 70.396395, 5.4009350000000005]","[70.396395, 5.4009350000000005, 1.5493400000000002, 0.567034]","[0.567034, 1.5493400000000002, 5.4009350000000005, 70.396395]",0.014320623670034732,0.014320623670034732,0.014320623670034732,0.0,0.0,70.396395,0.567034,69.82936099999999
1,1,2,3,2,31,31,5,0.5538290599466547,0.0,"[1.5493400000000002, 70.396395, 5.4009350000000005, 59.031939]","[70.396395, 59.031939, 5.4009350000000005, 1.5493400000000002]","[1.5493400000000002, 5.4009350000000005, 59.031939, 70.396395]",0.0,0.014524949542140909,0.014524949542140909,0.0,0.0,70.396395,1.5493400000000002,68.847055
2,1,2,3,2,32,31,5,0.5538290599466547,0.0,"[70.396395, 5.4009350000000005, 59.031939, 1.354618]","[70.396395, 59.031939, 5.4009350000000005, 1.354618]","[1.354618, 5.4009350000000005, 59.031939, 70.396395]",0.0,0.014483984095600554,0.014483984095600554,0.0,0.0,70.396395,1.354618,69.041777
3,1,2,3,2,32,31,5,0.5244770451427827,0.0,"[5.4009350000000005, 59.031939, 1.354618, 1.07231]","[59.031939, 5.4009350000000005, 1.354618, 1.07231]","[1.07231, 1.354618, 5.4009350000000005, 59.031939]",0.0,0.03450677712240015,0.017253388561200074,0.0,0.0,59.031939,1.07231,57.959629
4,1,2,3,3,32,31,5,0.50972744082077,0.0,"[59.031939, 1.354618, 1.07231, 0.589045]","[59.031939, 1.354618, 1.07231, 0.589045]","[0.589045, 1.07231, 1.354618, 59.031939]",0.017110720081726274,0.03422144016345255,0.0,0.0,0.0,59.031939,0.589045,58.442894
5,1,1,3,3,32,31,5,0.50972744082077,0.0,"[1.354618, 1.07231, 0.589045, 0.8488840000000001]","[1.354618, 1.07231, 0.8488840000000001, 0.589045]","[0.589045, 0.8488840000000001, 1.07231, 1.354618]",2.612422329418618,2.612422329418618,0.0,0.0,0.0,1.354618,0.589045,0.7655730000000001
