,max_length_referrer,referrers_distinct,max_path_depth,min_path_depth,max_length,min_length,uri_Distinct,max_entropy,min_entropy,time_interval,max_deltas,min_deltas,ratio_of_deltas_A,ratio_of_deltas_B,ratio_of_deltas_C,ratio_of_deltas_D,ratio_of_deltas_E,max_time_interval,min_time_interval,interval_length
0,1,1,1,0,1,1,1,0.0,0.0,"[1.169799, 0.5594830000000001, 0.421541, 12.356277]","[12.356277, 1.169799, 0.5594830000000001, 0.421541]","[0.421541, 0.5594830000000001, 1.169799, 12.356277]",0.1675780679187206,0.0837890339593603,0.0,0.0837890339593603,0.0,12.356277,0.421541,11.934736000000001
1,1,1,1,0,1,1,1,0.0,0.0,"[0.5594830000000001, 0.421541, 12.356277, 0.299159]","[12.356277, 0.5594830000000001, 0.421541, 0.299159]","[0.299159, 0.421541, 0.5594830000000001, 12.356277]",0.24881567883801087,0.0,0.0,0.08293855961267028,0.0,12.356277,0.299159,12.057118000000001
2,1,1,1,0,1,1,1,0.0,0.0,"[0.421541, 12.356277, 0.299159, 0.339399]","[12.356277, 0.421541, 0.339399, 0.299159]","[0.299159, 0.339399, 0.421541, 12.356277]",0.24881567883801087,0.0,0.0,0.08293855961267028,0.0,12.356277,0.299159,12.057118000000001
3,1,1,1,0,1,1,1,0.0,0.0,"[12.356277, 0.299159, 0.339399, 0.23827]","[12.356277, 0.339399, 0.299159, 0.23827]","[0.23827, 0.299159, 0.339399, 12.356277]",0.24756546187834352,0.0,0.0,0.0825218206261145,0.0,12.356277,0.23827,12.118007
4,1,1,1,0,1,1,1,0.0,0.0,"[0.299159, 0.339399, 0.23827, 0.351522]","[0.351522, 0.339399, 0.299159, 0.23827]","[0.23827, 0.299159, 0.339399, 0.351522]",35.31946455691732,0.0,0.0,0.0,0.0,0.351522,0.23827,0.11325199999999999
