,max_length_referrer,referrers_distinct,max_path_depth,min_path_depth,max_length,min_length,uri_Distinct,max_entropy,min_entropy,time_interval,max_deltas,min_deltas,ratio_of_deltas_A,ratio_of_deltas_B,ratio_of_deltas_C,ratio_of_deltas_D,ratio_of_deltas_E,max_time_interval,min_time_interval,interval_length
0,1,4,2,0,74,1,5,0.5564361180402015,0.0,"[0.6800980000000001, 0.5808110000000001, -0.9482020000000001, 8.311105000000001]","[8.311105000000001, 0.6800980000000001, 0.5808110000000001, -0.9482020000000001]","[-0.9482020000000001, 0.5808110000000001, 0.6800980000000001, 8.311105000000001]",0.3239983294646132,0.0,0.10799944315487107,0.0,0.0,8.311105000000001,-0.9482020000000001,9.259307000000002
1,1,3,2,0,78,1,5,0.5015235344129911,0.0,"[0.5808110000000001, -0.9482020000000001, 8.311105000000001, 2.582093]","[8.311105000000001, 2.582093, 0.5808110000000001, -0.9482020000000001]","[-0.9482020000000001, 0.5808110000000001, 2.582093, 8.311105000000001]",0.21599888630974215,0.10799944315487107,0.10799944315487107,0.0,0.0,8.311105000000001,-0.9482020000000001,9.259307000000002
2,1,3,2,0,80,1,5,0.4862542442093444,0.0,"[-0.9482020000000001, 8.311105000000001, 2.582093, 0.586338]","[8.311105000000001, 2.582093, 0.586338, -0.9482020000000001]","[-0.9482020000000001, 0.586338, 2.582093, 8.311105000000001]",0.21599888630974215,0.10799944315487107,0.10799944315487107,0.0,0.0,8.311105000000001,-0.9482020000000001,9.259307000000002
3,1,2,2,0,80,74,5,0.49088800243453073,0.0,"[8.311105000000001, 2.582093, 0.586338, 3.7773950000000003]","[8.311105000000001, 3.7773950000000003, 2.582093, 0.586338]","[0.586338, 2.582093, 3.7773950000000003, 8.311105000000001]",0.1294537427471922,0.2589074854943844,0.1294537427471922,0.0,0.0,8.311105000000001,0.586338,7.724767000000002
4,1,2,2,2,74,74,5,0.49088800243453073,0.0,"[2.582093, 0.586338, 3.7773950000000003, 0.8907360000000001]","[3.7773950000000003, 2.582093, 0.8907360000000001, 0.586338]","[0.586338, 0.8907360000000001, 2.582093, 3.7773950000000003]",0.6267515747916755,0.6267515747916755,0.0,0.0,0.0,3.7773950000000003,0.586338,3.1910570000000003
5,1,1,2,2,78,74,5,0.4944225238224635,0.0,"[0.586338, 3.7773950000000003, 0.8907360000000001, 1.069666]","[3.7773950000000003, 1.069666, 0.8907360000000001, 0.586338]","[0.586338, 0.8907360000000001, 1.069666, 3.7773950000000003]",0.6267515747916755,0.6267515747916755,0.0,0.0,0.0,3.7773950000000003,0.586338,3.1910570000000003
